,comment,label
0,how did serfdom develop in and then leave russia ?,unknown
1,what films featured the character popeye doyle ?,what
2,how can i find a list of celebrities ' real names ?,unknown
3,what fowl grabs the spotlight after the chinese year of the monkey ?,what
4,what is the full form of .com ?,what
5,what contemptible scoundrel stole the cork from my lunch ?,what
6,what team did baseball 's st. louis browns become ?,what
7,what is the oldest profession ?,what
8,what are liver enzymes ?,what
9,name the scar-faced bounty hunter of the old west .,unknown
10,when was ozzy osbourne born ?,when
11,why do heavier objects travel downhill faster ?,unknown
12,who was the pride of the yankees ?,who
13,who killed gandhi ?,who
14,what is considered the costliest disaster the insurance industry has ever faced ?,what
15,what sprawling u.s. state boasts the most airports ?,what
16,what did the only repealed amendment to the u.s. constitution deal with ?,what
17,how many jews were executed in concentration camps during wwii ?,unknown
18,what is `` nine inch nails '' ?,what
19,what is an annotated bibliography ?,what
20,what is the date of boxing day ?,what
21,what articles of clothing are tokens in monopoly ?,what
22,name 11 famous martyrs .,unknown
23,what 's the olympic motto ?,what
24,what is the origin of the name ` scarlett ' ?,what
25,what 's the second-most-used vowel in english ?,what
26,who was the inventor of silly putty ?,who
27,what is the highest waterfall in the united states ?,what
28,name a golf course in myrtle beach .,unknown
29,which two states enclose chesapeake bay ?,unknown
30,what does the abbreviation aids stand for ?,what
31,what does a spermologer collect ?,what
32,how many points make up a perfect fivepin bowling score ?,unknown
33,which company that manufactures video-game hardware sells the `` super system '' ?,unknown
34,how many community chest cards are there in monopoly ?,unknown
35,what do mormons believe ?,what
36,when did the neanderthal man live ?,when
37,in what religion was isis the nature goddess ?,what
38,where do the adventures of `` the swiss family robinson '' take place ?,unknown
39,what relative of the racoon is sometimes known as the cat-bear ?,what
40,how can i register my website in yahoo for free ?,unknown
41,what was cash-conscious colonel edwin l. drake the first to drill ?,what
42,how many people in the world speak french ?,unknown
43,how many inches over six feet is the venus de milo ?,unknown
44,how do they find or choose witnesses to an execution ?,unknown
45,what 1920s cowboy star rode tony the wonder horse ?,what
46,what cocktail inspired john doxat to write the book stirred-not shaken ?,what
47,what isps exist in the caribbean ?,what
48,how do you ask a total stranger out on a date ?,unknown
49,what weapon is the mythological character apollo most proficient with ?,what
50,what country do the galapagos islands belong to ?,what
51,what is ethology ?,what
52,who was the prophet of the muslim people ?,who
53,where did the term `` 86ed '' come from ?,unknown
54,who is snoopy 's arch-enemy ?,who
55,what is the nature of learning ?,what
56,what 's the only color johnny cash wears on stage ?,what
57,what 's the term for a young fox ?,what
58,what u.s. state lived under six flags ?,what
59,what is the kashmir issue ?,what
60,where is the loop ?,unknown
61,what does `` extended definition '' mean and how would one write a paper on it ?,what
62,what country 's capital is tirana ?,what
63,what is titanium ?,what
64,who do herb and tootsie live next door to ?,who
65,which city has the oldest relationship as a sisterï¿½city with los angeles ?,unknown
66,what is a caldera ?,what
67,why do people get calluses ?,unknown
68,what are the names of the tourist attractions in reims ?,what
69,what are cushman and wakefield known for ?,what
70,what body of water does the danube river flow into ?,what
71,who is the founder of scientology ?,who
72,what does the six-footed musca domestica become when it enters a house ?,what
73,what is the history of skateboarding ?,what
74,who starred in singing in the rain and the singing nun ?,who
75,how do i make fuel bricks from recycled newspaper ?,unknown
76,what 19th-century painter died in the marquesas islands ?,what
77,the corpus callosum is in what part of the body ?,what
78,how do i log on to home page at headquarters u.s. european command ?,unknown
79,what country did the nazis occupy for ? .,what
80,what is nebraska 's most valuable resource ?,what
81,how many species of the great white shark are there ?,unknown
82,what is the origin of head lice ?,what
83,what is the nickname for the state of mississippi ?,what
84,what was the first domesticated bird ?,what
85,how many villi are found in the small intestine ?,unknown
86,what country did king wenceslas rule ?,what
87,what is a fear of shadows ?,what
88,who were the five marx brothers ?,who
89,in which year was new zealand excluded from the anzus alliance ?,unknown
90,when did cnn begin broadcasting ?,when
91,what causes the body to shiver in cold temperatures ?,what
92,what are bear and bull markets ?,what
93,what j.r.r. tolkien book features bilbo baggins as the central character ?,what
94,what is `` dew point '' ?,what
95,what is the meaning of jesus ?,what
96,what company 's logo is a `` w '' in a circle ?,what
97,what is the definition of a cascade ?,what
98,when did rococo painting and architecture flourish ?,what
99,what country 's national passenger rail system is called via ?,what
100,who invented make-up ?,who
101,what is the origin of the word `` attic '' ?,what
102,what did delilah do to samson 's hair ?,what
103,what kind of animals were in the paleozoic era ?,what
104,which of the following was rhodes scholar ?,unknown
105,who comprised the now-defunct comic book team known as the champions ?,who
106,how do you make a paintball ?,unknown
107,what u.s. state is fort knox in ?,what
108,what is a female rabbit called ?,what
109,where is the highest point in japan ?,unknown
110,where do chihuahuas come from ?,unknown
111,where does barney rubble go to work after he drops fred off in the `` flintstones '' cartoon series ?,unknown
112,what are the world 's four oceans ?,what
113,what 's the only work by michelangelo that bears his signature ?,what
114,what is the largest snake in the world ?,what
115,in what medium is stuart hamblen considered to be the first singing cowboy ?,what
116,where on the internet can i find a song lyrics database similar to the international lyrics server ?,unknown
117,how much money does a back injury lawsuit get ?,unknown
118,what 's the common name for acetylsalicylic acid ?,what
119,what does the georgetown `` hoya '' mean ?,what
120,where can i find a list of `` classic '' books 5th and 6th graders should read ?,unknown
121,which two products use a tiger as their symbol ?,unknown
122,how is the election of a new pope announced to the world ?,unknown
123,how long does it take for your blood to make one complete trip through the body ?,unknown
124,how do chickens have baby chicks ?,unknown
125,what is the historical relationship of catholic church and bingo ?,what
126,how was the element calcium named ?,unknown
127,what crooner joined the andrews sisters for pistol packin mama ?,what
128,what piano company claims its product is the `` instrument of the immortals '' ?,what
129,when did the bounty mutiny take place ?,unknown
130,what novel inspired the movie bladerunner ?,what
131,what is a transistor ?,what
132,what is a film starring jude law ?,what
133,what hollywood dog died in the arms of jean harlow in 1932 ?,what
134,what are the most common elements in the earth 's crust ?,what
135,how much would it cost to purchase a 2-foot-square party tent  with sides  ?,unknown
136,what actress has received the most oscar nominations ?,what
137,what are equity securities ?,what
138,what is gymnophobia ?,what
139,how many years do fossils take to form ?,unknown
140,where is the orinoco ?,unknown
141,what was the name of the `` little rascals '' dog ?,what
142,what city boasts penn 's landing  on the banks of the delaware river ?,what
143,what broadway musical was inspired by cervantes 's don quixote ?,what
144,what is the origin of the word . ?,what
145,how many hostages were killed in the entebbe raid ?,unknown
146,how you can raise your iq ?,unknown
147,what does inri stand for when used on jesus ' cross ?,what
148,who produces spumante ?,who
149,who earns their money the hard way ?,who
150,who founded the people 's temple commune ?,who
151,what athlete makes the most money from sports merchandise sales ?,what
152,how many bends are there in a standard paper clip ?,unknown
153,who discovered electricity ?,who
154,what part of your body contains the corpus callosum ?,what
155,who was the first american in space ?,who
156,what two south american countries do n't border brazil ?,what
157,what album put the beatles on the cover of time in 1967 ?,what
158,what poem contains the line  `` grow old with me the best is yet to be '' . ?,what
159,what is a dental root canal ?,what
160,what war did the wanna-go-home riots occur after ?,what
161,what is the busiest air travel season ?,what
162,what 's the colored part of the eye called ?,what
163,what are hook worms ?,what
164,where is the rose bowl played ?,unknown
165,which japanese car maker had its biggest percentage of sale in the domestic market ?,unknown
166,who is the mayor of marbella ?,who
167,"what sun-blasted , 14-mile wide valley is just north of the mojave desert ?",what
168,in what year did thatcher become prime minister ?,what
169,how many months does it take the moon to revolve around the earth ?,unknown
170,where are the 49 steps ?,unknown
171,in what year was de gaulle elected president of france ?,what
172,who sings the themes for `` dawson 's creek '' and `` felicity '' ?,who
173,who directed `` jaws '' ?,who
174,on what t.v. show could tom terrific be found ?,what
175,what indian tribe is f troop perpetually doing battle with ?,what
176,where did indian pudding come from ?,unknown
177,why do some clothing labels say `` use a nonchlorine bleach '' ?,unknown
178,how many colonies were involved in the american revolution ?,unknown
179,what is the name of the city that maurizio pellegrin lives in ?,what
180,where can i find pictorial directions on how to build a very simple treehouse ?,unknown
181,"what game 's board shows the territories of irkutsk , yakutsk and kamchatka ?",unknown
182,what is the name of the managing director of apricot computer ?,unknown
183,what is the occupation of nicholas cage ?,unknown
184,why do horseshoes bring luck ?,unknown
185,"what is the 401 , k , plan ?",what
186,what causes pneumonia ?,what
187,what are the three winter months in the southern hemisphere ?,what
188,what does gringo mean ?,what
189,what country contains africa 's northernmost point ?,what
190,what therapy attempts to elicit the `` primal scream '' ?,what
191,where is the kalahari desert ?,unknown
192,which ventura county police department seized the largest cocaine shipment in it 's history ?,unknown
193,what city is sometimes called gotham ?,what
194,what dangles over the tongue from the palate ?,what
195,who created dennis the menace ?,who
196,what dummy received an honorary degree from northwestern university ?,what
197,when was the first wall street journal published ?,unknown
198,what countries have the largest areas of forest ?,what
199,how do i start a web based business ?,unknown
200,name alvin 's brothers ?,unknown
201,what is eagle 's syndrome styloid process ?,what
202,how did jayne mansfield die ?,unknown
203,when did the royal wedding of prince andrew and fergie take place ?,when
204,what actor said in a day at the races : `` either he 's dead or my watch has stopped '' ?,what
205,what explorer was nicknamed iberia 's pilot ?,what
206,cnn began broadcasting in what year ?,what
207,what is a ball that hits the foul pole called ?,what
208,what makes hamburgers taste like steakburgers ?,what
209,which company created the internet browser mosaic ?,unknown
210,what are the rites accompanying the circumcision of a newly born-child in judaism called ?,what
211,what was the education system in the 1960 's ?,what
212,what south american city has the world 's highest commercial landing field ?,what
213,how can i find out which cities have cable-modem access ?,unknown
214,what is betsy ross famous for ?,what
215,how many species of sharks are there ?,unknown
216,what is `` snoogans '' ?,what
217,how many people are there in the world ?,unknown
218,what shrubs can be planted that will be safe from deer ?,what
219,what organization 's offices were broken into at watergate in 1972 ?,what
220,what is the design of the ship titanic ?,what
221,what does s.o.s. stand for ?,what
222,name a technique widely used to detect birth defects ?,unknown
223,what is the daily requirement of folic acid for an expectant mother ?,what
224,what is the `` 7-minute cigarette '' ?,what
225,what four forms does gold occur in ?,what
226,what is the acreage of the chappellet vineyard ?,what
227,how do you correctly say the word ` qigong ' ?,unknown
228,when did beethoven die ?,when
229,how much does a new railroad coal car cost ?,unknown
230,what two european countries entered the war of american independence against the british ?,what
231,what is the filmmakers collabrative ?,what
232,what russian composer 's prelude in c sharp minor brought him fame and fortune ?,what
233,what caused harry houdini 's death ?,what
234,"who was the mother of the man who would not be king , the duke of windsor ?",who
235,how many revolutions does a standard lp make in three minutes ?,unknown
236,what is the name of the tallest mountain in the world ?,what
237,where can i find a review of nightmare on elm street in a film journal ?,unknown
238,what 's the slowest olympic swimming stroke ?,what
239,what was the name of the first russian astronaut to do a spacewalk ?,what
240,what disease is transmitted by the anopheles mosquito ?,what
241,what rum is so `` mixable '' it is a one-brand bar ?,what
242,how many south american countries have the letter z in their names ?,unknown
243,what is the contents of proposition 98 ?,what
244,where was george washington born ?,unknown
245,"how many people on the ground were killed from the bombing of pan am flight 103 over lockerbie , scotland , december 21 , cd . ?",unknown
246,who wrote nn dt nnp nnp '' ?,who
247,what is paracetamol ?,what
248,what are the powers and weaknesses of green lantern 's ring ?,what
249,"which mosquito 's bite draws blood , dt nn cc dt nn . ?",unknown
250,when was the first steel mill in the united states built ?,when
251,what diminutive american female gymnast stole the show at the 1984 olympics ?,what
252,what is the origin of the name katie ?,what
253,"what schools in the washington , dc nn nn vbp nn nn nn nn . ?",what
254,when did the berlin wall go up ?,unknown
255,who is terrence malick ?,who
256,what instrument is ray charles best known for playing ?,what
257,"what 's the meaning of the latin battle cry : ad arma , ad arma . ?",what
258,what is the mascot for notre dame university ?,what
259,"what las vegas hotel burned in november , 1980 , with the loss of 84 lives ?",what
260,when did mount st. helen last have a significant eruption ?,when
261,cnn is the abbreviation for what ?,what
262,when did world war i start ?,when
263,how many feet are there in a fathom ?,unknown
264,what is a canada two-penny black ?,what
265,what european city do nicois live in ?,what
266,how can i find out what year a beanie baby was introduced ?,unknown
267,what is the classic definition of tragic hero ?,what
268,to what does microsoft 's windows 3 owe its success ?,what
269,who was president of afghanistan in 1994 ?,who
270,"what are other ways of getting stretch marks besides pregnancy , weight loss , and weight lifting ?",what
271,what did brontosauruses eat ?,what
272,what color bottles do good rhine wines come in ?,what
273,who was the lead actress in the movie ` sleepless in seattle ' ?,who
274,who was the 16th president of the united states ?,who
275,who are the two sons of ozzie and harriet nelson ?,who
276,what is molybdenum ?,what
277,when is boxing day ?,what
278,what is the lowest level of the american judiciary ?,what
279,when was the battle of the somme fought ?,when
280,how many people did randy craft kill ?,unknown
281,what 's the official animal of canada ?,what
282,when did spielberg direct `` jaws '' ?,when
283,what is the size of the largest akita ?,what
284,what animal has the biggest eyes ?,what
285,what is california 's capital ?,what
286,who was the author of the book about computer hackers called `` the cuckoo 's egg : tracking a spy through the maze of computer espionage '' ?,who
287,who was the founding member of the pink floyd band ?,who
288,what european country is home to the beer-producing city of budweis ?,what
289,how do i find the balance of my social security account ?,unknown
290,what is the history of valentine 's day cards ?,what
291,where was christopher columbus born ?,unknown
292,what do italians call florence ?,what
293,how do you get to the top of the eiffel tower ?,unknown
294,what does ` psi ' stand for ?,what
295,what sea did the romans call mare nostrum ?,what
296,what 's the term for a bet before cards are dealt ?,what
297,"which came first , according to genesis 1 : 2 : 22 - the chicken or the egg ?",unknown
298,what city did the flintstones live in ?,what
299,what is latin for incompetent ?,what
300,what chemicals are used in lethal injection ?,what
301,what toy company is the world 's no.1 maker of female apparel ?,what
302,what board game does a `` wood-pusher '' play poorly ?,what
303,which doonesbury character was likely to turn into a werewolf ?,unknown
304,what is the abbreviation for micro ?,what
305,what are the 7 articles of the constitution ?,what
306,who has won the most super bowls ?,who
307,what does nasdaq stand for ?,what
308,what is bph ?,what
309,what is the fastest commercial automobile that can be bought in the us ?,what
310,what stadium do the miami dolphins play their home games in ?,what
311,who has the only speaking role in `` silent movie '' ?,who
312,why is poop sometimes different colors ?,unknown
313,what was einstein 's iq ?,what
314,what day was pearl harbor attacked in 1942 ?,what
315,what girl 's name is `` teddy '' an affectionate form of ?,what
316,what state is john f. kennedy buried in ?,what
317,what is the best way to remove wallpaper ?,what
318,what u.s. state has an element named for it ?,what
319,what company tabulates the ballots in voting for the academy awards ?,what
320,how did the tradition of best man start ?,unknown
321,how many years ago did the ship titanic sink ?,unknown
322,what is the deepest area of the arctic ocean ?,what
323,what are halloween 's colors ?,what
324,how is silk screening done ?,unknown
325,"what is the latitude and longitude of el paso , texas ?",what
326,who made a boat out of gopher wood ?,who
327,where can i find a `` fifth element '' screensaver ?,unknown
328,which bloom county resident wreaks havoc with a computer ?,unknown
329,how do you match a name to a social security number ?,unknown
330,how does a rainbow form ?,unknown
331,what is the normal resting heart rate of a healthy adult ?,what
332,what is the population of ohio ?,what
333,how many calories are there in a big mac ?,unknown
334,hazmat stands for what ?,what
335,what creature scares people in the film `` jaws '' ?,what
336,what part did john peter zenger play in the deveopment of the newspaper in america ?,what
337,who followed caesar ?,who
338,what are the four elements ?,what
339,who was the first woman golfer to earn a million ?,who
340,what 's the tallest piece on a chessboard ?,what
341,what is answers.com 's address ?,what
342,where can i buy movies on videotape online ?,unknown
343,who does the advertizing for frito-lay ?,who
344,who is the leading competitor of trans union company ?,who
345,what product did robert conrad dare people to knock off his shoulder ?,what
346,who invented the radio ?,who
347,what 's the american dollar equivalent for 8 pounds in the u.k. ?,what
348,what are the different approaches of systems analysis ?,what
349,how do doctors diagnose bone cancer ?,unknown
350,who is the man behind the pig-the man who pulls the strings and speaks for miss piggy ?,unknown
351,what is the speed of the mississippi river ?,what
352,what are the developmental stages of a swimmer ?,what
353,what actor first portrayed james bond ?,what
354,what ocean is the largest in the world ?,what
355,"who was the first american poet to win the nobel prize for literature , in 1948 ?",who
356,what year did jack nicklaus join the professional golfers association tour ?,what
357,how many sonnets did shakespeare write ?,unknown
358,what causes the redness in your cheeks when you blush ?,what
359,who won the nobel peace prize in 1991 ?,who
360,who are the challengers of the unknown ?,who
361,define the pheonix club ?,unknown
362,which city did christian crusaders fight to recapture from the muslims ?,unknown
363,what does it mean `` rupee depreciates '' ?,what
364,what gaming devices were dubbed `` mississippi marbles '' and `` memphis dominoes '' ?,what
365,who was the first coach of the cleveland browns ?,who
366,how successful is arometherapy ?,unknown
367,what jewish holiday saw the start of the 1973 mideast war ?,what
368,how does a copier work ?,unknown
369,what is the speed of the mississippi river ?,what
370,who said of super bowl iii in 1969 : `` we 'll win- i guarantee it '' ?,who
371,what is dudley do-right 's horse 's name ?,what
372,who declared : `` i am down on whores and i shan 't stop ripping them '' ?,who
373,where does chocolate come from ?,unknown
374,what tv game show once saw a contestant admit to picking his toes in the shower ?,what
375,what soviet leader owned a rolls-royce ?,what
376,where can i find a case on individuals with disabilities education act of 1991 ?,unknown
377,what war did florence nightingale tend the troops in ?,what
378,"who wrote the song , `` stardust '' ?",who
379,how many beatles ' records went #1 ?,unknown
380,who is the only prime minister of canada to serve 22 years but not necessarily consecutively ?,who
381,what is the abbreviation of the company name ` general motors ' ?,what
382,what mountains lie between the arkansas and missouri rivers ?,what
383,who received the will rogers award in 1989 ?,who
384,what is the function of ram ?,what
385,what 's the closest g2 spectrum yellow dwarf to earth ?,what
386,how many equal angles are there in an isosceles triangle ?,unknown
387,what is the fear of cockroaches called ?,what
388,what cbs soap opera was interrupted by the bulletin of john f. kennedy 's assassination ?,what
389,what is the use of a 24-hour clock instead of a 12-hour clock ?,what
390,what was the name of the lawyer who represented randy craft ?,what
391,what united states president had dreamed that he was assassinated ?,what
392,what film did lee marvin win the 1965 best actor oscar for ?,what
393,where is basque country located ?,unknown
394,what product does `` mrs. olsen '' promote ?,what
395,what time of day did emperor hirohito die ?,when
396,what is dry ice ?,what
397,what 's the most powerful card in euchre ?,what
398,what does `` intractable plantar keratoma '' mean ?,what
399,how many years did it take james joyce to write ulysses ?,unknown
400,what crop failure caused the irish famine ?,what
401,what south korean city is served by kimpo international airport ?,what
402,how many types of dogs ' tails are there - three ?,unknown
403,what is the longest-running television series ?,what
404,what predators exist on antarctica ?,what
405,what is the difference between a generator and an alternator ?,what
406,how is energy created ?,unknown
407,what beer advertised that it had `` three rings '' ?,what
408,what is the quantity of american soldiers still unaccounted for from the vietnam war ?,what
409,what golfing accessory was patented by george grant on december 12 ?,what
410,what are the different types of plastic ?,what
411,how is it correct to say ` qigong ' ?,unknown
412,what was the highest mountain on earth before mount everest was discovered ?,what
413,"where was the ligurian republic , 1797-185 , ?",unknown
414,what country 's people are the top television watchers ?,what
415,when was the women 's suffrage amendment ratified ?,when
416,what polynesian people inhabit new zealand ?,what
417,what movie tour of the roman empire features the admonition : `` row well and live '' ?,what
418,what nevada center has been dubbed the biggest little city in the world ?,what
419,"what president lived at 219 north delaware street , independence , missouri ?",what
420,give a reason for american indians oftentimes dropping out of school . ?,unknown
421,where must a soccer goalie stand to be permitted to handle the ball ?,unknown
422,what is the difference between classical conditioning and operant conditioning ?,what
423,in what u.s. state was the first woman governor elected ?,unknown
424,what are some interesting facts and information about dogsledding ?,what
425,what year did hitler die ?,when
426,what famous model was married to billy joel ?,what
427,what kind of animal is babar ?,what
428,what is jane goodall known for ?,what
429,what killed bob marley ?,what
430,how much money are dumbo 's ears insured for ?,unknown
431,who danced into stardom with fred astaire in 1941 's you 'll never get rich ?,who
432,who is stein eriksen ?,who
433,what does the name billie mean ?,what
434,who is the fastest swimmer in the world ?,who
435,what is the highest peak in africa ?,what
436,where is procter & gamble headquartered in the u.s. ?,unknown
437,what desert has been called the garden of allah ?,what
438,what do bicornate animals have two of ?,what
439,what function does a community 's water tower serve ?,what
440,what is a fear of weakness ?,what
441,how many miles is it to ohio from north carolina ?,unknown
442,how much snow equals an inch of rain ?,unknown
443,what does g.m.t. stand for ?,what
444,what does inuit and eskimo mean ?,what
445,what song served as the closing theme of the johnny cash show ?,what
446,what field sport did dentist william beers promote and write a standard book of rules for ?,what
447,how do i tie dye clothes ?,unknown
448,when does the average teenager first have intercourse ?,when
449,why doesn 't www.answers.com have any answers to my questions ?,unknown
450,what actor 's autobiography is titled all my yesterdays ?,what
451,what russian master spy lived in the u.s. under the name emil goldfus ?,what
452,where 's the 19th hole on a golf course ?,unknown
453,what 's nature 's purpose for tornadoes ?,what
454,who played the original charlie 's angels ?,who
455,where can i find a person 's address from a telephone number ?,unknown
456,"what english word comes from the old french covrefeu , meaning cover fire ?",what
457,what musical instrument did prewitt play in james jones 's from here to eternity ?,what
458,where did sarge steel get his metal hand ?,unknown
459,what makes popcorn pop ?,what
460,who wrote the night of the iguana ?,who
461,where does your hair grow the fastest ?,unknown
462,what country did king gustav v reign over from 197 to 195 ?,what
463,who painted mother and child ?,who
464,what is the speed of the mississippi river ?,what
465,in what area of the world was the six day war fought ?,what
466,what is the brightest star visible from earth ?,what
467,what film marked robert redford 's directorial debut ?,what
468,what was mao 's second name ?,what
469,what film or films has jude law appeared in ?,what
470,where do hyenas live ?,unknown
471,who is the `` queen mother '' ?,who
472,what 's the most commonly-spoken language in belgium ?,what
473,who has more dna - a man or a woman ?,who
474,what are maid-rites ?,what
475,"what children 's tale contains the line : `` come , cinderslut , and hold this skein of wool for me '' ?",what
476,what level of government or governmental agency is responsible for dealing with racism ?,what
477,how many referees work a soccer game ?,unknown
478,what cocktail do you concoct with whisky and sweet vermouth ?,what
479,how do you say `` fresh '' in spanish ?,unknown
480,what do bee hives do in cranberry bogs ?,what
481,what caused the lynmouth floods ?,what
482,when is the tulip festival in michigan ?,what
483,"who came up with the name , el nino ?",who
484,what movie did madilyn kahn star in with gene wilder ?,what
485,what type of bridge is the golden gate bridge ?,what
486,what dictator has the nickname `` el maximo '' ?,what
487,what stereo manufacturer is `` slightly ahead of its time '' ?,what
488,what u.s. city is the queen of the pacific ?,what
489,what tv sitcom character had the maiden name ethel potter ?,what
490,what was the first lifesaver flavor ?,what
491,who kept the most famous diary in the english language ?,who
492,where can i find out the top 1 singles ?,unknown
493,how many degrees cooler is the inside of a cucumber than the air outside ?,unknown
494,what spanish artist painted crucifixion ?,what
495,what is the jewish bible called ?,what
496,why is the grass green ?,unknown
497,what is a firewall ?,what
498,what spy novelist served as moscow correspondent for reuter and the times of london ?,what
499,which oil company almost picked a word that meant `` stalled car '' in japanese as its new international name ?,unknown
500,how long does it take for spider-man 's web to evaporate ?,unknown
501,who was randy steven craft 's lawyer ?,who
502,what was known as the spice island ?,what
503,who was the first host of person to person ?,what
504,name the ranger who was always after yogi bear . ?,unknown
505,"what deck of cards includes the wheel of fortune , the lovers , and death ?",what
506,what does the statue of liberty wear on her feet ?,what
507,who is the superstar in rent-a-cars ?,who
508,mccarren airport is located in what city ?,what
509,"what household facility contains a float ball , ballcock , and overflow tube ?",what
510,what was the name of betty boop 's dog ?,what
511,what fraction of a beaver 's life is spent swimming ?,what
512,what was the bridge of san luis rey made of ?,what
513,what do economists do ?,what
514,what country has the largest sheep population ?,what
515,"what do i need to do to take my dog with me to live in dominica , west indies for a year ?",what
516,what country is the world 's largest importer of cognac ?,what
517,how many years is johnnie walker black label aged ?,unknown
518,what does sids stand for ?,what
519,what is grenada 's main commodity export ?,what
520,"how much would a black-and-white 1-cent stamp be worth , thomas jefferson on it , ?",unknown
521,what makes a clitoris sensitive ?,what
522,"what country has the most time zones , with 11 ?",what
523,what `` magic '' does mandrake employ ?,what
524,who is the president of stanford university ?,who
525,whose first presidential order was : `` let 's get this goddamn thing airborne '' ?,unknown
526,"what was introduced commercially by bayer a.g. of leverkusen , in 1899 ?",what
527,what city is logan airport in ?,what
528,what is a nanometer ?,what
529,how many innings are there in a regulation softball game ?,unknown
530,when did cnn go on the air ?,when
531,what is the largest city on the great lakes ?,what
532,what is the telephone number for the university of kentucky ?,what
533,who invented baseball ?,who
534,how many wives did brigham young have ?,unknown
535,what product on the market is good for hiding facial scars ?,what
536,how long is the coney island boardwalk ?,unknown
537,what city gained renown for its pea-soup fogs ?,what
538,what does `` janelle '' mean ?,what
539,how do i get another city 's newspaper ?,unknown
540,name a movie about the sioux indians starring kevin costner . ?,unknown
541,"who was shot in the back during a poker game in deadwood , the dakota territory ?",who
542,what are the distinct physical characterstics of the arabian horse ?,what
543,what is a fear of thunder ?,what
544,what animal has killed the most people ?,what
545,how many colleges are in wyoming ?,unknown
546,what russian seaport has a name meaning `` lord of the east '' ?,what
547,where can stocks be traded on-line ?,unknown
548,when was the battle of hastings ?,when
549,what kind of file has the extension .dbf ?,what
550,when did muhammad live ?,when
551,"what then-derogatory term was applied to the painters monet , sisley , pissarro , renoir and degas ?",what
552,what is a wop ?,what
553,where do rocks come from ?,unknown
554,how do i stop background noise in a car stereo ?,unknown
555,where do people mountain climb in nepal ?,unknown
556,what is the best college in the country ?,what
557,what is viscosity ?,what
558,what was the name of the sitcom that alyssa milano starred in with tony danza ?,what
559,what are the nordic nations ?,what
560,where on the internet can i get information about the fifth amendment on the american bill of rights ?,unknown
561,what u.s. state borders illinois to the north ?,what
562,name a film in which jude law acted . ?,unknown
563,what is the temperature for baking peachy oat muffins ?,what
564,what is a fear of bees ?,what
565,what vladimir nabokov novel features professor humbert in love with a 12-year-old girl ?,what
566,what is a green bog ?,what
567,where did the myth of santa claus originate ?,unknown
568,what does a chairbound basophobic fear ?,what
569,what city is served by logan international airport ?,what
570,what wrestling star became `` the incredible hulk '' ?,what
571,what attracts tourists to reims ?,what
572,what game do steve mcqueen and edward g. robinson play in the cincinnati kid ?,what
573,what fastener did whitcomb judson patent in 1893 ?,what
574,what 's an auberge in france ?,what
575,who was the star of the 1965 broadway hit golden boy ?,what
576,where is procter & gamble based in the u.s. ?,unknown
577,what army was founded by william booth and his wife catherine ?,what
578,what does ribavirin consist of ?,what
579,name the soft drink that is `` number one in the sun . '' ?,unknown
580,what is the web address of the list of e-mail addresses of members of the house of representatives ?,what
581,what was her real name ?,what
582,why are the ears your center of balance ?,unknown
583,who invented the toothbrush ?,who
584,what was the name of that popular song the creeps sang ?,what
585,where is the abominable snowman said to wander ?,unknown
586,what is a fear of being alone ?,what
587,how many dots make up the symbol for `` because '' ?,unknown
588,what do you get by adding lactobacillus bulgaricus to milk ?,what
589,"when reading classified ads , what does eenty : other stand for ?",when
590,how many hearts does an octopus have ?,unknown
591,what plant has the largest seed ?,what
592,what was the only country you were allowed to drive into israel from in 1979 ?,what
593,what 's approaching when a cyclist shouts : `` oil '' ?,what
594,"what baseball star turned down a $1 , 000-a-year contract because he felt he had n't earned it ?",what
595,what kind of sport is often associated with hooligans ?,what
596,what video game hero do some of his fans call chomper ?,what
597,how many holes are there in a tenpin bowling ball ?,unknown
598,what is the longest word in the english language ?,what
599,in what city or state do the most gay men live in ?,what
600,"what tv comediennes 's characters include former movie star nora desmond , secretary mrs. wiggins and a housewife named eunice ?",what
601,what is `` the bear of beers '' ?,what
602,name the operating system that runs on ibm-compatible machines . ?,unknown
603,what does the name `` justin '' mean ?,what
604,what percentage of the body is muscle ?,what
605,what color of dry wine should be served with veal roasts and chops ?,what
606,what is a golf ball made of ?,what
607,what is the amish religion ?,what
608,what does an average daycare provider get paid in new england ?,what
609,what was the name of the 187s irish terrorist group in pennsylvania mining areas ?,what
610,who played the ringo kid in the 1939 film stagecoach ?,who
611,who died 1 feet from where john f. kennedy did ?,who
612,what is the `` coppertop '' battery ?,what
613,what sign is the water carrier the zodiacal symbol for ?,what
614,what animals do you find in the stock market ?,what
615,what is color ?,what
616,when is the site www.questions.com going to open ?,when
617,what did shostakovich write for rostropovich ?,what
618,what first name was nipsy russell given at birth ?,what
619,how can i get some free technical information on electric vehicle ?,unknown
620,who is the youngest of the beatles ?,who
621,how did shipyard inspector james j. kilroy designate equipment as being satisfactory ?,unknown
622,what is a jellicle cat ?,what
623,where can i find the best free evidence for debate about russia ?,unknown
624,what is bill gates of microsoft e-mail address ?,what
625,what is the second hardest substance ?,what
626,why did several san diego schools stop serving apples to students ?,unknown
627,what russian city boasts the hermitage museum ?,what
628,when is bastille day ?,when
629,what makes a tornado turn ?,what
630,how many shots can a stock m16 hold ?,unknown
631,what two colors are you blind to if you suffer from protanopia ?,what
632,why do n't you guys have some sort of contest where you ask a question and whoever finds the answers wins a prize ?,unknown
633,who is coronado ?,who
634,what was the name of the movie that starred sharon stone and arnold schwarzenegger ?,what
635,what is artificial intelligence ?,what
636,what do flatfish eat ?,what
637,who was the first holy roman emperor ?,who
638,what can i use to remove the stubborn gummed labels from some diskettes ?,what
639,what day of the week sees the most fatal car accidents ?,what
640,"what is the origin of the word , magic ?",what
641,what sport do you shag flies in ?,what
642,what is white chocolate ?,what
643,where is trinidad ?,unknown
644,name the organization that is presided by a security council .,unknown
645,"who graced the airwaves with such pearls as `` do ya lo-o-ove me ? get naked , baby ! '' ?",who
646,what kind of wine is spumante ?,what
647,who portrayed portly criminologist carl hyatt on checkmate ?,what
648,how do you say i love you in spanish ?,unknown
649,what does the name gina mean ?,what
650,what is the most advanced handheld calculator in the world ?,what
651,how fast is light ?,unknown
652,what is the belt of low pressure around the equator called ?,what
653,what are shooting stars ?,what
654,whom did the chicago bulls beat in the 1993 championship ?,unknown
655,when was the first american encyclopedia published ?,when
656,what 's the tallest building in new york city ?,what
657,how is easter sunday 's date determined ?,unknown
658,what is the motto for the state of maryland ?,what
659,who is desmond tutu ?,who
660,where can i find information on the narragansett indians and other tribes in rhode island ?,unknown
661,name a tiger that is extinct .,unknown
662,how many quarters equal a pound ?,unknown
663,what kind of books does fodor 's publish ?,what
664,"what are the first names of rowan and martin , the stars of tv 's laugh-in ?",what
665,what chapter of the bible has the most verses ?,what
666,who is the worst us president ever ?,who
667,what asian leader was known as the little brown saint ?,what
668,what is the abbreviated expression for the national bureau of investigation ?,what
669,how fast does the fastest car go ?,unknown
670,what is the highest mountain in the world ?,what
671,what arch can you see from the place de la concorde ?,what
672,who sings the song `` drink to me with thine eyes '' by ben johnson ?,who
673,how long should a person wash their hands before they are clean ?,unknown
674,which way do you turn your bic to increase the flame - clockwise or counterclockwise ?,unknown
675,which is the wealthiest country in the world ?,unknown
676,how can i find a phone number of someone if i only know their email address ?,unknown
677,how can you contact play producers and promoters on-line ?,unknown
678,who is the monarch of the united kingdom ?,who
679,what is a fear of passing high objects ?,what
680,what do players try to do when the music stops in a game of musical chairs ?,what
681,what are the top ten most common girl names in the us ?,what
682,why is black the color of mourning in the west ?,unknown
683,what is the rarest coin ?,what
684,what judith rossner novel was made into a film starring diane keaton ?,what
685,which country is australia 's largest export market ?,unknown
686,where is the kentucky horse park located ?,unknown
687,what is a fear of parasites ?,what
688,in what olympic games did nadia comaneci become popular ?,unknown
689,who does data collection in tourism ?,who
690,what was the name of the daughter of the virginia chief powhatan that married john rolfe ?,what
691,what is the leading pecan and peanut growing state ?,what
692,what does a nihilist believe in ?,unknown
693,what did richard feynman say upon hearing he would receive the nobel prize in physics ?,unknown
694,"in what sport are these following numbers relevant : 118 , 126 , 134 , 142 , 15 , 158 , 167 , 177 , and 19 ?",unknown
695,who were the four famous founders of united artists ?,who
696,what 2 statues did france give to other countries ?,what
697,what are amphibians ?,what
698,how many sperm cells are in an average ejaculation ?,unknown
699,name the disposable razor that `` costs about 19 cents . '',unknown
700,how far do you have to run if you hit a home run ?,unknown
701,who was the only u.s. president to wear a nazi uniform ?,who
702,woodrow wilson served as president of what university ?,what
703,where are the tropical rain forest distributions ?,unknown
704,what 's the nickname of oddsmaker jimmy snyder ?,what
705,what is the fear of being loved ?,what
706,what was the number of people that randy steven craft was convicted of killing ?,what
707,what was queen victoria 's title regarding india ?,what
708,how is a hydrogen bomb different from a nuclear bomb ?,unknown
709,how far can a man travel in outer space ?,unknown
710,where was lincoln assassinated ?,unknown
711,what type of food makes you fat ?,what
712,what is the name of the chronic neurological autoimmune disease which attacks the protein sheath that surrounds nerve cells causing a gradual loss of movement in the body ?,what
713,what was the u.s. highway death toll in 1969 ?,what
714,"what kind of animals are dorsets , lincolns , oxfords and southdowns ?",what
715,what are the shortest and the longest songs ever produced ?,what
716,what letter is to the right of k on a typewriter keyboard ?,what
717,"what is the origin and the meaning of the name , `` hajo ?",what
718,what is the plural of gulf ?,what
719,whose autobiography is titled yes i can ?,unknown
720,what year did the united states pass the copyright law ?,what
721,what percentage of americans own their homes ?,what
722,what 's the first day of the week ?,what
723,what city was president william mckinley shot in ?,what
724,what city has the world 's longest subway system ?,what
725,"who claimed he killed 4 , 280 buffalo as food for the crew building the kansas pacific railway ?",who
726,what is bombay duck ?,what
727,how many degrees cooler is the inside of a cucumber than the air outside ?,unknown
728,what double talking `` professor '' holds a doctorate in nothing ?,what
729,what are the five most expensive cities in the world ?,what
730,what 19th-century writer had a country estate on the hudson dubbed sunnyside ?,what
731,how many layers of yellow paint is a faber mongol pencil lucky enough to be sprayed with ?,unknown
732,what is a virtual ip address ?,what
733,what was the name of the cook on rawhide ?,what
734,what county is chicago in ?,what
735,what is the wingspan of a condor ?,what
736,what facial feature typically contains about 55 hairs ?,what
737,"who was named admiral of the ocean seas and viceroy and governor general of all the islands he might discover , and also granted 10-? of all profits of his voyage .",who
738,how can i transport files from one computer to another ?,unknown
739,what 's the literary term for a play on words ?,what
740,what color were their horses ?,what
741,what does an average daycare provider get paid in new england ?,what
742,what author landed a 468-pound marlin without harness in the early 193 's ?,what
743,how many americans fought for the british in the american revolution ?,unknown
744,what kind of education do i need to become a flight attendant ?,what
745,what are the two languages of malta ?,what
746,how many oceans are there and name them ?,unknown
747,what happened during the blackhawk indian war of 1832 ?,what
748,how many pairs of legs does a lobster have ?,unknown
749,what does the latin ante mortem mean ?,what
750,what does the name shawn mean ?,what
751,where is the danube ?,unknown
752,"what lawyer won the largest divorce settlement , $85 million , in u.s. history for sheika dena al-farri ?",unknown
753,what do you call a group of geese ?,what
754,"who delivered his last newscast on march 6 , 1981 ?",who
755,"how many times has `` louie , louie '' been recorded ?",unknown
756,how is answers.com different from knowpost.com ?,unknown
757,what is the longest place name in the u.s. ?,what
758,what percent liked thatcher after she had been in power for a decade ?,what
759,"where does buzz aldrin want to build a permanent , manned space station ?",unknown
760,what was mel gibson 's first movie ?,what
761,why was the l.a. office of shea and gould closed ?,unknown
762,how do i start a bank ?,unknown
763,how do ouija boards work ?,unknown
764,what horse did zorro ride ?,what
765,how do you get a broken cork out of a bottle ?,unknown
766,where can i find correct tabs for third eye blind songs ?,unknown
767,how do you determine heating requirements for your home ?,unknown
768,what former major-league left-handed baseball pitcher was known as `` space man '' ?,what
769,"which hair care product told us `` hate that gray , wash it away '' ?",unknown
770,why did the chicken cross the road ?,unknown
771,what was michelangelo 's last name ?,what
772,who is barbara jordan ?,who
773,who was the democratic nominee in the american presidential election ?,who
774,what was connecticut 's first constitution called ?,what
775,what historical event happened in dogtown in 1899 ?,what
776,what is being done about the millennium bug ?,what
777,what was the claim to fame of king camp gillette ?,what
778,what is the most common kind of skin cancer in the u.s. ?,what
779,what is olestra ?,what
780,what asian country has a bill of rights for cows ?,what
781,how many fingers are used to draw a bow ?,unknown
782,what are two plants that clothes are made from ?,what
783,when was hurricane hugo ?,what
784,what is the most heavily caffeinated soft drink ?,what
785,what president-to-be was the first member of congress to enlist following the attack on pearl harbor ?,what
786,what was the price of varian associates ' vacuum products division ?,what
787,when was `` the great depression '' ?,what
788,what language is mostly spoken in brazil ?,what
789,what college produced the most winning super bowl quarterbacks ?,what
790,how do you solve `` rubik 's cube '' ?,unknown
791,what is prepared mustard ?,what
792,what classical spanish writer warned : `` all that glitters is not gold '' ?,what
793,what does `` antidisestablishmentarianism '' mean ?,what
794,what actor married john f. kennedy 's sister ?,what
795,what does a topophobic actor suffer from ?,what
796,who fired maria ybarra from her position in san diego council ?,who
797,"the italian artist , maurizio pellegrin , is how old ?",unknown
798,what type of hunting are retrievers used for ?,what
799,what is colin powell best known for ?,what
800,who was the first black golfer to tee off in the masters ?,who
801,what city is the setting for puccini 's opera la boheme ?,what
802,what u.s. president showed a fondness for munching on bee pollen bars ?,what
803,what is measured in curies ?,what
804,whose cover is that of an employee of universal import and export ?,unknown
805,what former president 's daughter has written a book titled murder in the white house ?,what
806,what fictional character is known as the `` melancholy dane '' ?,what
807,italy is the largest producer of what ?,what
808,what longtime game show host dropped dead while jogging in central park in 1984 ?,what
809,"what is the meaning of w.b. yeat 's poem , `` the three hermits ?",what
810,who were the `` filthiest people alive ?,who
811,what infectious disease is the world 's deadliest ?,what
812,what is spumante ?,what
813,in what year did ireland elect its first woman president ?,what
814,what is an isthmus ?,what
815,what was the name of the orca that died of a fungal infection ?,what
816,where is mozambique located ?,unknown
817,what is mississippi 's state animal ?,what
818,what 's the origin of the word ` news ' ?,what
819,what did dan aykroyd and john belushi quit saturday night live to become ?,what
820,how many months does a normal human pregnancy last ?,unknown
821,how do fuel injectors work ?,unknown
822,how can your school march in the macy 's thanksgiving parade ?,unknown
823,what is the real name of disc jockey `` wolfman jack '' ?,what
824,what italian liner was hijacked in 1985 ?,what
825,what city houses the u.s. headquarters of procter and gamble ?,what
826,what soap was touted as being `` for people who like people '' ?,what
827,how much was the minimum wage in 1991 ?,unknown
828,what does nafta stand for ?,what
829,who invented silly putty ?,who
830,"what new middle school was built in philadelphia , pennsylvania last year ?",what
831,who patented the first phonograph ?,who
832,what are some tips for building a fire in a fireplace ?,what
833,what do manatees eat ?,what
834,how do you say 2 in latin ?,unknown
835,what were popular songs and types of songs in the 1920s ?,what
836,how many vietnamese were there in the soviet union ?,unknown
837,what is november 's birthstone ?,what
838,what is a certified nurse midwife ?,what
839,"on average , how many miles are there to the moon ?",unknown
840,who created private detective philip marlowe ?,who
841,"what boris pasternak book sold 5 , 0 copies to become the fiction best-seller of 1958 ?",what
842,what is the origin of the expression `` tout de suite '' ?,what
843,what is the longest english word ?,what
844,what is the purpose of a car bra ?,what
845,what is d.b. cooper known for ?,what
846,who is colin powell ?,who
847,what species is a colt ?,what
848,what is the full name of the plo ?,what
849,what is the smallest country in africa ?,what
850,who coined the term nn cyberspace `` in his novel nn neuromancer '' ?,who
851,what age followed the bronze age ?,what
852,what is her profession ?,what
853,what is the full name of the man who invented the multicolored game cube that has 42.3 quintillion potential combinations ?,what
854,what does the word laser mean ?,what
855,what does the name `` anthony '' mean ?,what
856,who was lauren bacall 's first husband ?,who
857,what is a rhomboideus minor ?,what
858,how many hands does bjorn borg use when hitting his forehand ?,unknown
859,how many people died on d-day ?,unknown
860,"what u.s. congressman said : `` keep the faith , baby '' .",what
861,who created the character of scrooge ?,who
862,what is the student population at the university of massachusetts in amherst ?,what
863,where is windsor castle ?,unknown
864,when did the dow first reach ?,when
865,why were people recruited for the vietnam war ?,unknown
866,what party was winston churchill a member of ?,what
867,what american league baseball team 's worst finish between 1926 and 1964 was fourth ?,what
868,where can i find the names of all the 15 pokemon ?,unknown
869,what state does martha stewart live in ?,what
870,which killer whale died at sea world of a fungal infection ?,unknown
871,what are the benelux countries ?,what
872,where 's the petrified forest ?,unknown
873,what is a language spoken by the sioux ?,what
874,where is tornado alley ?,unknown
875,who was the author of `` john brown 's body '' ?,who
876,what american poet wrote : `` good fences make good neighbors '' ?,what
877,what state in the u.s. has the most blacks ?,what
878,why are electric cars less efficient in the northeast than in california ?,unknown
879,what was the occupation of mandy rice-davies ?,what
880,what is the city in which maurizio pellegrin lives called ?,what
881,who painted the sistine chapel ?,who
882,name the various costumed personas of dr. henry pym .,unknown
883,what breed of dog was the `` little rascals '' dog ?,what
884,what are the living conditions in cuba ?,what
885,what color are school buses ?,what
886,what is the oldest website on the internet ?,what
887,"what events happened january 26 , 1978 ?",what
888,what explorers followed columbus to the americas ?,what
889,who is actress goldie hawn 's current actor boyfriend ?,who
890,who banned peter rose from baseball for betting on games ?,who
891,what are the seven virtues ?,what
892,what other name were the `` little rascals '' known as ?,what
893,when was the san francisco fire ?,when
894,what is a fear of food ?,what
895,"how many casinos are in atlantic city , nj ?",unknown
896,what year did the vietnam war end ?,what
897,what are the names of richard nixon 's two daughters ?,what
898,what 's the word for broken glass or sharp rocks embedded in cement on top of a wall ?,what
899,what is the chromosome number of an elephant ?,what
900,what organization was founded by the rev. jerry falwell ?,what
901,what 's the longest river in the world ?,what
902,which soft drink does madonna advertise for ?,unknown
903,what company is being bought by yahoo and how much is the deal worth ?,what
904,when was berlin 's brandenburg gate erected ?,when
905,how many double-word-score spaces are there on a scrabble crossword game board ?,unknown
906,what year did germany sign its nonaggression pact with the soviet union ?,what
907,what mountain range is traversed by the highest railroad in the world ?,what
908,why were the american soldiers in wwi called `` doughboys '',unknown
909,who was nicknamed the little corporal ?,who
910,how many cds has garth brooks sold ?,unknown
911,name the vessel used by the atari force in the dc comics .,unknown
912,where are the leading medical groups specializing in lung diseases ?,unknown
913,"how can i find online spelling , and punctuation drills for my 6th grader ?",unknown
914,what 's the sacred river of india ?,what
915,what is stefan edberg 's native country ?,what
916,what is the only gland in humans that can regenerate itself ?,what
917,how many gutenberg bibles are there ?,unknown
918,name the largest country in south america .,unknown
919,what astronomical phenomenon takes place in jan. 1999 ?,what
920,what information can you get me on fairground park in st. louis,what
921,what was american folk hero john chapman 's nickname ?,what
922,what is the difference between a median and a mean ?,what
923,what was the top box office movie in april 1998 ?,what
924,what makes thunder ?,what
925,what author did photographer yousuf karsh call `` the shiest man i ever met '' ?,what
926,"which is the largest clock , diameter wise , in europe ?",unknown
927,what plant is rum made from ?,what
928,what country are godiva chocolates from ?,what
929,"name the poet of the poem which begins : i do not know much about gods ; but i think that the river is a strong brown god-sullen , and untamed ?",unknown
930,which condiment was once sold as a patent medicine ?,unknown
931,what u.s. state records the least rainfall ?,what
932,why did the world enter a global depression in 1929 ?,unknown
933,"what was archy , and mehitabel ?",what
934,what texas city got its name from the spanish for `` yellow '' ?,what
935,what are the chemicals used in glowsticks ?,what
936,what country did the nile river originate in ?,what
937,what color are tennis balls ?,what
938,what barroom judge called himself the law west of the pecos ?,what
939,what excuse did the nato people give for hitting the chinese embassy ?,what
940,who was president of costa rica in 1994 ?,who
941,what sports event is meyer wolfsheim supposed to have fixed in the great gatsby ?,what
942,what country has the best defensive position in the board game diplomacy ?,what
943,what two countries share the khyber pass ?,what
944,who was chairman of the senate select committee that tried to get to the bottom of watergate ?,who
945,what is the origin of the surname of braun ?,what
946,"what card game has variations called canfield , klondike and spider ?",what
947,what is australia day ?,what
948,what mammal of north america is the world 's longest-lived for its size ?,what
949,what was the chivington massacre ?,what
950,"what actor starred in 1980 's blue lagoon , 1982 's the pirate movie and 1983 's a night in heaven ?",what
951,how many home runs did lou gehrig have during his career ?,unknown
952,in what city is the headquarters of sinn fein ?,what
953,where can i find information on george bush ?,unknown
954,who is the voice of miss piggy ?,who
955,what is the dialogue circle in cartoons called ?,what
956,"what does the word camaro mean , from the gm car the camaro ?",what
957,who replaced bert parks as the host of the miss america pageant ?,who
958,how many boys play the game in winslow homer 's 1872 painting snap the whip ?,unknown
959,what is the aim-54c phoenix ?,what
960,when are sheep shorn ?,when
961,what sport is chris jogis a top player of ?,what
962,what 's the second-largest island in the world ?,what
963,what is the definition of low island ?,what
964,what century does captain video live in ?,what
965,what types of water pollution are there ?,what
966,how many astronauts manned each project mercury flight ?,unknown
967,what soft drink would provide me with the biggest intake of caffeine ?,what
968,what 's the name of a golf course in myrtle beach ?,what
969,what are some of the significant historical events of the 1990s ?,what
970,name the only extant trilogy of classical greek plays .,unknown
971,where is logan airport ?,unknown
972,what is the difference between neoclassical art and romanticism art ?,what
973,who was the first person inducted into the u.s. swimming hall of fame ?,who
974,what golfer has been called ohio fats and blobbo ?,what
975,who murdered leno and rosemary labianca on august 1,who
976,what is the average cost for four years of medical school ?,what
977,what does god create in the first sentence of the bible ?,what
978,which of the following men was not married to rita hayworth ?,unknown
979,what is the current ticket fare from from cairo to barbados ?,what
980,what does nn o `` mean when used as a prefix in irish surnames ?,what
981,how do you find oxidation numbers ?,unknown
982,what is the state nickname of mississippi ?,what
983,"what is black hills , south dakota most famous for ?",what
984,what 1966 boob tube bomb took astronauts back to prehistoric times ?,what
985,how many students attend the university of massachusetts ?,unknown
986,"who said , `` i shall return . '' during world war two ?",who
987,what holidays are celebrated in ireland ?,what
988,"who portrayed etta place , companion to butch cassidey and the sundance kid ?",who
989,what are the greek numerals ?,what
990,what 's the name of the temple that is located near the capital city of laos ?,what
991,what is a fear of sleep ?,what
992,what auto race was wilbur reed the first to win three times ?,what
993,what are the most common breeding birds in the u.s. ?,what
994,"what was organized as a confederate veterans ' social club in pulaski , in tennessee , in 1866 ?",what
995,how do you look up criminal records on the internet ?,unknown
996,"where is the actress , marion davies , buried ?",unknown
997,what is an example of an actual case of using the fourteenth amendment ?,what
998,who was the charlie perfume woman ?,who
999,who portrayed `` rosanne rosanna-dana '' on the television show `` saturday night live '' ?,who
1000,is there a cab available for airport?,affirmation
1001,is it raining outside ?,affirmation
1002,is there any pizza left ?,affirmation
1003,is there a truck parked infront of the house ?,affirmation
1004,what time does the flight leave ?,when
1005,what time does the train arrive ?,when
1006,what time do we go to the mall ?,when
1007,what time are we leaving ?,when
1008,what time does the president give his speech ?,when
1009,what time do you go to the school ?,when
1010,what time are you planning to leave ?,when
1011,what time are you thinking of going to the dentist ?,when
1012,what time is it right now ?,when
1013,who was gerald ford 's vice president ?,who
1014,who invented batteries ?,who
1015,who did sonny liston succeed as world heavyweight boxing champion ?,who
1016,whose video is titled shape up with arnold ?,unknown
1017,who 's the twin brother of the greek goddess artemis ?,who
1018,who was america 's first public enemy no. 1 ?,who
1019,who is dear abby ?,who
1020,"who lives at 24 sussex drive , ottawa ?",who
1021,who was monet ?,who
1022,who was the famous door-to-door brush salesman ?,who
1023,who is always trying to get the rent from andy capp ?,who
1024,who did jackie kennedy commission to write the death of a president ?,who
1025,who sought to create the great society ?,who
1026,who said : `` soldiers win the battles and generals get the credit '' ?,who
1027,who is the current un secretary general ?,who
1028,"who provides telephone service in orange county , california ?",who
1029,who was lacan ?,who
1030,who was the secretary of war in the civil war during the battle of gettysburg ?,who
1031,who did bobby fischer beat to win the world chess championship ?,who
1032,who lives at 39 stone canyon way ?,who
1033,who played humpty dumpty in the 1933 film alice in wonderland ?,who
1034,"who is karenna gore , al gore 's oldest daughter , married to ?",who
1035,who played the title role in i was a teenage werewolf ?,who
1036,who was the inventor of the stove ?,who
1037,who was the king who was forced to agree to the magna carta ?,who
1038,who was made the first honorary citizen of the u.s. ?,who
1039,who is known as `` the world 's oldest teenager '' ?,who
1040,who was with patricia hearst the night she was kidnaped ?,who
1041,who advised listeners to `` see the u.s.a. in your chevrolet '' ?,who
1042,who sang about desmond and molly jones ?,who
1043,who developed the first polio vaccine ?,who
1044,who made the first gas engine ?,who
1045,who sells viagra ?,who
1046,who was darius ?,who
1047,who did dita beard work for ?,who
1048,who served as inspiration for the schoolteacher portrayed by robin williams in `` dead poets society '' ?,who
1049,who is the best known villain of the 165 gunpowder plot ?,who
1050,"who killed more people , hitler or stalin ?",who
1051,who is nicolo paganini ?,who
1052,who portrayed dracula in hammer studios ' films ?,who
1053,who was jean nicolet ?,who
1054,who was the original humpty dumpty ?,who
1055,whose cupboard was bare ?,unknown
1056,who invented the vacuum cleaner ?,who
1057,"who does shakespeare 's antonio borrow 3 , 0 ducats from ?",who
1058,who is the voyager project manager ?,who
1059,who replies `` i know '' to princess leia 's confession `` i love you '' in the empire strikes back ?,who
1060,who won the 1967 academy award for best actor ?,who
1061,who was the first taiwanese president ?,who
1062,who is luke skywalker 's father ?,who
1063,who was jane goodall ?,who
1064,"who created the comic strip , `` garfield '' ?",who
1065,who is the current prime minister and president of russia ?,who
1066,who established a viking colony in greenland about 985 ?,who
1067,who shot and killed himself while painting wheatfield with crows ?,who
1068,who was the architect of central park ?,who
1069,who were the yankee 's frequent enemies ?,who
1070,who wrote sons and lovers ?,who
1071,who was the star of leave it to beaver ?,who
1072,who did richard nixon tender his resignation to ?,who
1073,who was thucydides ?,who
1074,who took over as conductor of the boston pops after arthur fiedler 's long reign ?,who
1075,who is the fastest guitarist ?,who
1076,who betrayed norway to the nazis ?,who
1077,who took the toys donated for the doodyville orphans ' fund and kept them for himself ?,who
1078,who were the picts ?,who
1079,who is stationed at camp swampy in the comic strips ?,who
1080,who wrote the look of love after viewing ursula andress ?,who
1081,who claims to have the greatest show on earth ?,who
1082,who invented the paper clip ?,who
1083,whom did lauren bacall marry after her husband humphrey bogart died ?,unknown
1084,"who created the fantastic four , hulk , and thor ?",who
1085,who is the composer of `` canon in d major '' ?,who
1086,who was the author of the novel `` far from the madding crowd '' ?,who
1087,who was camp david named for ?,who
1088,who portrayed `` the man without a face '' in the movie of the same name ?,who
1089,who won the first world series ?,who
1090,who is samuel pickering ?,who
1091,who was credited with saying : `` i never met a man i did n't like '' ?,who
1092,who created big ben ?,who
1093,who played the title role in my favorite martian ?,who
1094,who invented the game scrabble ?,who
1095,who is considered the first lady of the american stage ?,who
1096,who penned : `` neither a borrower nor a lender be '' ?,who
1097,who headed hitler 's infamous gestapo ?,who
1098,who made the musical plea be true to your school ?,who
1099,who made stonehenge ?,who
1100,who 's the founder and editor of the national review ?,who
1101,who was the first governor of west virginia ?,who
1102,who was the first woman to fly solo across the atlantic ?,who
1103,who started the dominos pizza chain ?,who
1104,"who is the famous movie star who also acted as sewer commissioner of provo canyon , utah ?",who
1105,who portrayed vincent van gogh in lust for life ?,who
1106,who was known as the time master in comic books ?,who
1107,who is the father of the computer ?,who
1108,who said : `` old soldiers never die ; they just fade away '' ?,who
1109,who 's the only man to have won the olympic decathlon twice ?,who
1110,who was the second man to walk on the moon ?,who
1111,who is the pope ?,who
1112,who is imam hussain ben ali whom shia people believe in ?,who
1113,who was william henry harrison ?,who
1114,who was the first black performer to have his own network tv show ?,who
1115,who directed the wild bunch ?,who
1116,who runs andy capp 's favorite pub ?,who
1117,who invented the game bowling ?,who
1118,who is the creator of `` the muppets '' ?,who
1119,who asked you to do the loco-motion with her in 1962 ?,who
1120,who made the first surfboard ?,who
1121,who is the greek god of the sea ?,who
1122,who was the first woman governor of wyoming ?,who
1123,who was charles lindbergh 's wife ?,who
1124,who sings angel eyes from the 80 's ?,who
1125,who wrote ` hamlet ' ?,who
1126,who was the russian ambassador to hungary during the 1956 uprising ?,who
1127,who holds the nfl record for most touchdowns in a season ?,who
1128,who is shirley maclaine ?,who
1129,who wrote ` the pines of rome ' ?,who
1130,"who played for the chicago bears , houston oilers and oakland raiders in a 26-year pro football career ?",who
1131,who leads the star ship enterprise in star trek ?,who
1132,who won world war ii ?,who
1133,who was garrett morgan married to ?,who
1134,who is ishmael in moby dick ?,who
1135,who was the conservationist who served as spokesperson for post grape nuts ?,who
1136,who was whitcomb judson ?,who
1137,who shoplifts ?,who
1138,whose image is alleged to be on the shroud of turin ?,unknown
1139,who said : `` the victor will never be asked if he told the truth '' ?,who
1140,who is langston hughes ?,who
1141,"who wrote the book , `` the grinch who stole christmas '' ?",who
1142,who seized power from milton obote in 1971 ?,who
1143,who is the prophet of medina ?,who
1144,"whose funeral train traveled from washington d.c. to springfield , illinois ?",unknown
1145,who is the queen of holland ?,who
1146,"who says , `` if you don 't look good , we don 't look good '' ?",who
1147,who was secretary of state during the nixon administration ?,who
1148,who is johnny carson ?,who
1149,who painted `` soft self-portrait with grilled bacon '' ?,who
1150,who killed caesar ?,who
1151,who is count cinzano ?,who
1152,who 's won the most oscars for costume design ?,who
1153,who wrote the red badge of courage ?,who
1154,who invented the road traffic cone ?,who
1155,who won the battle of gettysburg ?,who
1156,"who was the captain of the tanker , exxon valdez , involved in the oil spill in prince william sound , alaska , 1989 ?",who
1157,who is stephen hawking ?,who
1158,what actor came to dinner in guess who 's coming to dinner ?,who
1159,who was the first actress to appear on a postage stamp ?,who
1160,who was the first black woman to star in the folies bergeres ?,who
1161,who asked the musical question : `` have you ever been to electric lady land ?,who
1162,who wrote : `` poems are made by fools like me but only god can make a tree '' ?,who
1163,"who played the part of the godfather in the movie , ` the godfather ' ?",who
1164,who invented the wonderbra ?,who
1165,who owns the st. louis rams ?,who
1166,who made the most appearances in the center square on hollywood squares ?,who
1167,who said `` the only thing we have to fear is fear itself '' ?,who
1168,who is the sexiest women in the world ?,who
1169,who was the supreme god of germanic religion ?,who
1170,who 's played the most games for the new york yankees ?,who
1171,who won the superbowl in ?,who
1172,who directed citizen kane ?,who
1173,"whose special bear 's creator was born on january 18 , 1779 ?",unknown
1174,who said : `` what contemptible scoundrel stole the cork from my lunch ? '',who
1175,who was the author of the famous fairy tale `` snow white and seven dwarfs '' ?,who
1176,who is behind the name of the harvey wallbanger drink ?,who
1177,who is the premier of china ?,who
1178,who was the president of vichy france ?,who
1179,whose kidnaping was termed the crime of the century ?,unknown
1180,who first broke the sound barrier ?,who
1181,who was scrooge 's dead partner in dickens 's a christmas carol ?,who
1182,who recorded the 1957 hit tammy ?,who
1183,who is mia farrow 's mother ?,who
1184,who was the only president to serve two nonconsecutive terms ?,who
1185,who reports the weather on the `` good morning america '' television show ?,who
1186,"who sent the brief message `` i came , i saw , i conquered '' ?",who
1187,who are the nomadic hunting and gathering tribe of the kalahari desert in africa ?,who
1188,who won a pulitzer prize for his novel the caine mutiny ?,who
1189,who portrayed sherlock holmes in 14 films between 1939 and 1946 ?,who
1190,who claimed to be the world 's most perfectly-developed man ?,who
1191,who portrayed carl bernstein in all the president 's men ?,who
1192,who was tiny tim 's father ?,who
1193,who was bonnie blue butler 's father ?,who
1194,who is the antichrist ?,who
1195,who was the lawyer who represented randy steven craft ?,who
1196,who wrote the farmer 's almanac ?,who
1197,who was the 15th century fire-and-brimstone monk who gained control of florence but ended burnt at the stake ?,who
1198,who was quetzalcoatl ?,who
1199,who is the prime minister of japan ?,who
1200,"who wrote the book , `` song of solomon '' ?",who
1201,who is the president of the spanish government ?,who
1202,who holds the career record for the most major league home runs ?,who
1203,who invented the stethoscope ?,who
1204,who retired with 755 home runs to his credit ?,who
1205,who developed potlatch ?,who
1206,who is the actress bette davis once said she wished she looked like ?,who
1207,when did iraqi troops invade kuwait ?,when
1208,when was the slinky invented ?,when
1209,when was dick clark born ?,when
1210,when did the `` star-spangled banner '' become the national anthem ?,when
1211,when did israel begin turning the gaza strip and jericho over to the plo ?,when
1212,when were the olympic games in which nadia comaneci became popular played ?,when
1213,when did fraze get his first patent for the pull-tab can ?,when
1214,when was the triangle shirtwaist fire ?,when
1215,when were fish first believed to be found on earth ?,when
1216,when is president nixon 's birthday ?,when
1217,when will the millennium officially begin ?,when
1218,when was cnn 's first broadcast ?,when
1219,when were camcorders introduced in malaysia ?,when
1220,when was queen victoria born ?,when
1221,when was yemen reunified ?,when
1222,"when did aldous huxley write , `` brave new world '' ?",when
1223,"when the tutankhamun exhibit was on display in the u.s. , what moving company transported it ?",when
1224,when did humans first begin to write history seriously ?,when
1225,"when mighty mouse was conceived , what was his original name ?",when
1226,when was the first flush toilet invented ?,when
1227,when will jean aeul publish her next book ?,when
1228,"when it 's time to relax , what one beer stands clear ?",when
1229,when was the de beers company founded ?,when
1230,when did princess diana and prince charles get married ?,when
1231,when was the first barbie produced ?,when
1232,when did the jurassic period end ?,when
1233,when was the bill of rights ratified ?,when
1234,when was calypso music invented ?,when
1235,when did hitler come to power in germany ?,when
1236,when did gothic art and architecture flourish ?,when
1237,when was the internal combustion engine developed ?,when
1238,when do you plant winter wheat ?,when
1239,when did nostradamus believe world war iii would begin ?,when
1240,when was london 's docklands light railway constructed ?,when
1241,when do mormons believe christ was born ?,when
1242,when did theo rousseau paint the `` forest of fontaine '' ?,when
1243,when is the thai new year ?,when
1244,when was the g7 group of nations formed ?,when
1245,when did they canonize the bible ?,when
1246,when did the carolingian period begin ?,when
1247,"when superman needs to get away from it all , where does he go ?",when
1248,when did spain and korea start ambassadorial relations ?,when
1249,when did nixon die ?,when
1250,when is a woman most fertile ?,when
1251,when was the nfl established ?,when
1252,when was richard nixon born ?,when
1253,when is the sun closest to the earth ?,when
1254,when did amtrak begin operations ?,when
1255,when was john d. rockefeller born ?,when
1256,when was the congress of vienna ?,when
1257,when was franklin d. roosevelt stricken with polio ?,when
1258,what singer 's theme song was when the moon comes over the mountain ?,when
1259,when was the brandenburg gate in berlin built ?,when
1260,when did mount st. helens last erupt ?,when
1261,when was child labor abolished ?,when
1262,when was the hoover dam constructed ?,when
1263,"when not adventuring on rann , what does adam strange call his profession ?",when
1264,when was the first practical commercial typewriter marketed ?,when
1265,when did the chernobyl nuclear accident occur ?,when
1266,when was general manuel noriega ousted as the leader of panama and turned over to u.s. authorities ?,when
1267,when did thatcher become prime minister ?,when
1268,when was florida admitted into the union ?,when
1269,who portrayed the cowardly lion in the wizard of oz ?,who
1270,who was the first king of england ?,who
1271,who killed kurt cobain ?,who
1272,who created the monster in mary shelley 's novel frankenstein ?,who
1273,who was the first man to return to space ?,who
1274,who gave abbie hoffman his first dose of lsd ?,who
1275,who shot billy the kid ?,who
1276,who played sally rogers on the dick van dyke show ?,who
1277,who is the mathematician that won the noble prize for literature in 1950 ?,who
1278,who 's baby was sweet pea on the popeye cartoon ?,who
1279,"who did arthur h. bremer try to assassinate on may 15 , 1972 ?",who
1280,whom did friz freleng add to the warner bros. cartoon ranks ?,unknown
1281,who was shakespeare 's moorish general ?,who
1282,who taught matt murdock to use his extraordinary abilities in marvel comics ?,who
1283,who famously rode to warn the people of massachusetts that the british were coming ?,who
1284,who commanded the french forces at the battle of orleans ?,who
1285,who led the opposition when konrad adenauer was chancellor in germany ?,who
1286,who turned all he touched to gold ?,who
1287,who plays shortstop for charlie brown 's baseball team ?,who
1288,who was the most famous food editor of the new york times ?,who
1289,who was the last u.s. president to reinstate selective service registration ?,who
1290,who lived on the shores of the gitchee gumee river ?,who
1291,who is section manager for guidance and control systems at jpl ?,who
1292,who should i call to get a tour of the new york stock exchange ?,who
1293,who portrayed w.c. fields in the film w.c. fields and me ?,who
1294,who built the first successful stern wheel steamboat ?,who
1295,who was hitler 's minister of propaganda ?,who
1296,who was the first doctor to successfully transplant a liver ?,who
1297,who was the lawyer for randy steven craft ?,who
1298,who is reputed to be the greatest maker of violins ?,who
1299,who sued the dannon yougurt company for using a character named ron raider for promotion ?,who
1300,who was the first jockey to ride two triple crown winners ?,who
1301,who wrote brave new world ?,who
1302,who wrote unsafe at any speed ?,who
1303,"who created the world wide web , www ?",who
1304,who were leaders of the byzantine empire ?,who
1305,who was the first president to appoint a woman to head a cabinet ?,who
1306,who built the first pyramid ?,who
1307,who is the nebbish that is marvel 's official mascot ?,who
1308,who sang the song `` hooked on a feeling '' in the dancing baby episode of `` ally mcbeal '' ?,who
1309,"who was the columbia pictures head who forged actor cliff robertson 's name on a $1 , 000 check ?",who
1310,who was damocles ?,who
1311,whose biography by maurice zolotow is titled shooting star ?,unknown
1312,who was the first american citizen awarded the albert medal of the society of arts ?,who
1313,who founded the unification church ?,who
1314,who invented the lawnmower ?,who
1315,who shared a new york city apartment with roger maris the year he hit 61 home runs ?,who
1316,who is the director of intergovernmental affairs for the san diego county ?,who
1317,who directed the first woody woodpecker cartoon ?,who
1318,who killed lee harvey oswald ?,who
1319,who was red grange ?,who
1320,who invented the fax machine ?,who
1321,who wrote the poem that starts `` i love your lips when they 're wet with wine and red with a warm desire '' ?,who
1322,who was santos-dumont ?,who
1323,who is rocky 's and bullwinkle 's ever-lost friend ?,who
1324,who is robin williams ?,who
1325,who thought he 'd never see a poem lovely as a tree ?,who
1326,who created `` the muppets '' ?,who
1327,who else was considered for the role of luke skywalker when george lucas was casting for star wars ?,who
1328,who was the king who signed the magna carta ?,who
1329,who is the leader of india ?,who
1330,who is the prophet that is most connected to the dead sea ?,who
1331,who wrote `` the pit and the pendulum '' ?,who
1332,who is the incredible hulk in reality ?,who
1333,who are the presidents of mexico and indonesia ?,who
1334,who played al jolson in the jolson story ?,who
1335,who played emperor palpatine in star wars ?,who
1336,"whose husbands have included conrad hilton jr. , and michael wilding ?",unknown
1337,who is king in alley oop 's home of moo ?,who
1338,who invented the stock ticker in 1870 ?,who
1339,who wrote the bible ?,who
1340,who is henry butler ?,who
1341,who made the first airplane ?,who
1342,who was the first black to be head coach of a major league pro sports team ?,who
1343,"who is john macarthur , 1767-1834 ?",who
1344,who is peter weir ?,who
1345,who held the endurance record for women pilots in 1929 ?,who
1346,who are woody woodpecker 's niece and nephew ?,who
1347,who created maudie frickett ?,who
1348,who was the first english circumnavigator of the globe ?,who
1349,who made the largest cocaine seizure in ventura county history ?,who
1350,who liberated 19th century sicily and naples ?,who
1351,who appointed the chair of the federal reserve ?,who
1352,who is samuel f. pickering ?,who
1353,who founded the modern theory of probability ?,who
1354,who 's the king of swing ?,who
1355,who won the 1968 california democratic primary ?,who
1356,who spoke the only word in mel brooks 's silent movie ?,who
1357,who was the first russian astronaut to walk in space ?,who
1358,who wrote ` dubliners ' ?,who
1359,who is malaysia 's 43rd prime minister ?,who
1360,who founded the first aerodynamics laboratory in 1912 ?,who
1361,who said `` give me liberty or give me death '' ?,who
1362,who invented the pull-tab opener on cans ?,who
1363,whose acceptance speech of more than 3 minutes prompted a time limit on academy award thank-yous ?,unknown
1364,who declared : `` i think i 'll go out and milk the elk '' ?,who
1365,who was the actor who played sam in the movie casablanca ?,who
1366,who makes chicken `` finger lickin '' good ?,who
1367,who accompanied space ghost on his missions ?,who
1368,who was israel 's first prime minister ?,who
1369,who is desmond tutu ?,who
1370,who was the first person to study the stars ?,who
1371,"who is the author of the book , `` the iron lady : a biography of margaret thatcher '' ?",who
1372,who did doris day mean when she said : `` i call him ernie because he 's certainly no rock '' ?,who
1373,who is the owner of cnn ?,who
1374,who markets spaghetti-o 's ?,who
1375,who co-starred with julie andrews in mary poppins ?,who
1376,who was ezra taft benson ?,who
1377,who is pia zadora 's millionaire husband and mentor ?,who
1378,who was the first american world chess champion ?,who
1379,who was the last woman executed in england ?,who
1380,who is prince naseem hamed ?,who
1381,who made the first airplane that could fly ?,who
1382,who was international olympic committee chairman at the 1936 summer games ?,who
1383,does this come with power cord and dishwasher hook up ?,affirmation
1384,will this one work to replace the badger 1 1/3 hp ?,affirmation
1385,is there a connection for the dish washer ?,affirmation
1386,can these be used for gas stove burner ?,affirmation
1387,is this for electric stoves ?,affirmation
1388,can you bake corn bread on this without it burnding. ?,affirmation
1389,can this be used on gas stove when making polenta which needs low heat. ?,affirmation
1390,do these work on induction cooktops ?,affirmation
1391,will this keep pour-over coffee carafe contents warmed atop a gas range flame ?,affirmation
1392,can this be used on gas stove when making polenta which needs low heat. ?,affirmation
1393,do these work on induction cooktops ?,affirmation
1394,can more than one water source be tested ?,affirmation
1395,does it have a colour indicator ?,affirmation
1396,is there an expiration date on any of the tests ?,affirmation
1397,does it test coliform/ e. coli ??,affirmation
1398,does this test forlead ?,affirmation
1399,could i pay 1 shipping price if you bundle it ?,affirmation
1400,is this model for the #1855 holmes humidifier ?,affirmation
1401,does it work with kenmore humidifier?,affirmation
1402,do i need to tear off the black outside before i put the new filter into the machine ?,affirmation
1403,does this filter fit the holmes hm5100 ?,affirmation
1404,can this filter remove all mold spores ?,affirmation
1405,is this the same bulb as the euv-13b ?,affirmation
1406,does it fit vicks v3900 humidifier ?,affirmation
1407,will these range replacement knobs fit a tappan electric stove ?,affirmation
1408,do you have replacement knobs for hotpoint stove ?,affirmation
1409,will this fit thermador (oem: bosch) older cooktop?,affirmation
1410,does it have screens in place where the vents are to prevent lint from blowing out of the vent holes ?,affirmation
1411,can it be used for a gas drier ?,affirmation
1412,will the ltf lint dryer kit work on a gas dryer ?,affirmation
1413,does it have a backlight ?,affirmation
1414,is it possible to calibrate ?,affirmation
1415,"it's written that the dimensions are 7x7x4inches, is it right?",affirmation
1416,is it accurate ?,affirmation
1417,is there a lag time after you take it out of the box before it starts to work ?,affirmation
1418,could this be used outside in a enclosed patio and work accurately throughout the seasons ?,affirmation
1419,does this monitor read humidity levels below 16% ?,affirmation
1420,can it be wall mounted ?,affirmation
1421,has anyone used this on a brick driveway ?,affirmation
1422,does this pick up dust without blowing it out the bag ?,affirmation
1423,will this work on my astro turf sun deck for picking up bugs and leaves ?,affirmation
1424,will this work on astro turf to pick up small bugs and leaves ?,affirmation
1425,would this pick up pine needles on a lawn ?,affirmation
1426,does this fit the model 89q ?,affirmation
1427,does this filter work on all style 8 ?,affirmation
1428,does this fit ed11 600 device ?,affirmation
1429,are there six filters for the price shown ?,affirmation
1430,does it fit pf sw2mdca ss ?,affirmation
1431,will it work with gfe29hmdaes?,affirmation
1432,is this possible ?,affirmation
1433,can this filter be used under a sink ?,affirmation
1434,is this antimicrobial ?,affirmation
1435,are these lead free ?,affirmation
1436,"is this considered a ""fill hose"" ?",affirmation
1437,can it be settled on a bathtub ?,affirmation
1438,can i install on wall ?,affirmation
1439,is this easier to pull out than the plastic stopper ?,affirmation
1440,does this freezer automatically defrost ?,affirmation
1441,does this come with the case ?,affirmation
1442,does this have a cello tuner setting ?,affirmation
1443,is this appliance quiet enough to keep in the house as a spare?,affirmation
1444,does this protect from chemicals ?,affirmation
1445,can show temperature in celsius degrees ?,affirmation
1446,do they come in different sizes ?,affirmation
1447,can this model 1 cubic handle a king size sheet set ?,affirmation
1448,can it be installed with a copper sink ?,affirmation
1449,does it accommodate a dishwasher ?,affirmation
1450,can these be recycled some way ?,affirmation
1451,which water filter cap replacement (white color) should i use for this filter ?,affirmation
1452,does this model have the damper included for the seven inch duct ?,affirmation
1453,can an extended warranty be purchased for this product ?,affirmation
1454,is the freezer frost free ?,affirmation
1455,could someone give me the dimensions ?,affirmation
1456,are these drip pans dishwasher safe ?,affirmation
1457,do these cooktops require 220 outlet ?,affirmation
1458,will this work to connect a wgd9200sq0 to a wfw9150ww00 washer ?,affirmation
1459,does it work for whirlpool duet ht - washer/dryer from 2005 ?,affirmation
1460,does the old stack kit fit on the new washer and old dryer ?,affirmation
1461,is this downdraft ventilation ?,affirmation
1462,does the stainless steel trim get scratched by the cookware ?,affirmation
1463,would this work with the whirlpool duet sports front load washer and dryers ?,affirmation
1464,is it made in usa ?,affirmation
1465,is the cooking grate removable ?,affirmation
1466,can the cooking grate be removed from the ring ?,affirmation
1467,are the last two numbers the gal ?,affirmation
1468,can you verify the dimensions for me ?,affirmation
1469,can this tank be used for black water ?,affirmation
1470,can you use on a airplane ?,affirmation
1471,will it fit a 10 ft. ceiling?,affirmation
1472,are the lights dimmable?,affirmation
1473,do you ship item to pr?,affirmation
1474,can i just throw them in trash ?,affirmation
1475,are they made in the usa ?,affirmation
1476,do you sell an extension kit available for 10' ceilings ?,affirmation
1477,is it loud ?,affirmation
1478,can it be cut to fit ?,affirmation
1479,can it be removed ?,affirmation
1480,does this hose have one ?,affirmation
1481,can i get it in india ?,affirmation
1482,would this work on a 2008 ford edge with a naked roof ?,affirmation
